entity_type,row_index,column,raw_value,error_code
mentor,0,کدرشته,,DATA_MISSING
mentor,1,کدرشته,,DATA_MISSING
mentor,2,کدرشته,,DATA_MISSING
mentor,3,کدرشته,,DATA_MISSING
mentor,5,کدرشته,,DATA_MISSING
mentor,6,کدرشته,,DATA_MISSING
mentor,8,کدرشته,,DATA_MISSING
mentor,10,کدرشته,,DATA_MISSING
mentor,11,کدرشته,,DATA_MISSING
mentor,12,کدرشته,,DATA_MISSING
mentor,13,کدرشته,,DATA_MISSING
mentor,14,کدرشته,,DATA_MISSING
mentor,15,کدرشته,,DATA_MISSING
mentor,16,کدرشته,,DATA_MISSING
mentor,17,کدرشته,,DATA_MISSING
mentor,18,کدرشته,,DATA_MISSING
mentor,19,کدرشته,,DATA_MISSING
mentor,20,کدرشته,,DATA_MISSING
mentor,21,کدرشته,,DATA_MISSING
mentor,22,کدرشته,,DATA_MISSING
mentor,23,کدرشته,,DATA_MISSING
mentor,24,کدرشته,,DATA_MISSING
mentor,25,کدرشته,,DATA_MISSING
mentor,26,کدرشته,,DATA_MISSING
mentor,27,کدرشته,,DATA_MISSING
mentor,32,کدرشته,,DATA_MISSING
mentor,33,کدرشته,,DATA_MISSING
mentor,35,کدرشته,,DATA_MISSING
mentor,36,کدرشته,,DATA_MISSING
mentor,37,کدرشته,,DATA_MISSING
mentor,38,کدرشته,,DATA_MISSING
mentor,39,کدرشته,,DATA_MISSING
mentor,40,کدرشته,,DATA_MISSING
mentor,41,کدرشته,,DATA_MISSING
mentor,42,کدرشته,,DATA_MISSING
mentor,43,کدرشته,,DATA_MISSING
mentor,44,کدرشته,,DATA_MISSING
mentor,45,کدرشته,,DATA_MISSING
mentor,46,کدرشته,,DATA_MISSING
mentor,47,کدرشته,,DATA_MISSING
mentor,48,کدرشته,,DATA_MISSING
mentor,49,کدرشته,,DATA_MISSING
mentor,51,کدرشته,,DATA_MISSING
mentor,52,کدرشته,,DATA_MISSING
mentor,53,کدرشته,,DATA_MISSING
mentor,54,کدرشته,,DATA_MISSING
mentor,55,کدرشته,,DATA_MISSING
mentor,56,کدرشته,,DATA_MISSING
mentor,57,کدرشته,,DATA_MISSING
mentor,58,کدرشته,,DATA_MISSING
mentor,59,کدرشته,,DATA_MISSING
mentor,60,کدرشته,,DATA_MISSING
mentor,61,کدرشته,,DATA_MISSING
mentor,62,کدرشته,,DATA_MISSING
mentor,63,کدرشته,,DATA_MISSING
mentor,65,کدرشته,,DATA_MISSING
mentor,66,کدرشته,,DATA_MISSING
mentor,67,کدرشته,,DATA_MISSING
mentor,68,کدرشته,,DATA_MISSING
mentor,69,کدرشته,,DATA_MISSING
mentor,70,کدرشته,,DATA_MISSING
mentor,71,کدرشته,,DATA_MISSING
mentor,72,کدرشته,,DATA_MISSING
mentor,73,کدرشته,,DATA_MISSING
mentor,74,کدرشته,,DATA_MISSING
mentor,75,کدرشته,,DATA_MISSING
mentor,76,کدرشته,,DATA_MISSING
mentor,77,کدرشته,,DATA_MISSING
mentor,78,کدرشته,,DATA_MISSING
mentor,80,کدرشته,,DATA_MISSING
mentor,81,کدرشته,,DATA_MISSING
mentor,82,کدرشته,,DATA_MISSING
mentor,83,کدرشته,,DATA_MISSING
mentor,84,کدرشته,,DATA_MISSING
mentor,85,کدرشته,,DATA_MISSING
mentor,86,کدرشته,,DATA_MISSING
mentor,87,کدرشته,,DATA_MISSING
mentor,88,کدرشته,,DATA_MISSING
mentor,89,کدرشته,,DATA_MISSING
mentor,91,کدرشته,,DATA_MISSING
mentor,93,کدرشته,,DATA_MISSING
mentor,94,کدرشته,,DATA_MISSING
mentor,95,کدرشته,,DATA_MISSING
mentor,96,کدرشته,,DATA_MISSING
mentor,97,کدرشته,,DATA_MISSING
mentor,98,کدرشته,,DATA_MISSING
mentor,99,کدرشته,,DATA_MISSING
mentor,100,کدرشته,,DATA_MISSING
mentor,101,کدرشته,,DATA_MISSING
mentor,102,کدرشته,,DATA_MISSING
mentor,103,کدرشته,,DATA_MISSING
mentor,104,کدرشته,,DATA_MISSING
mentor,105,کدرشته,,DATA_MISSING
mentor,106,کدرشته,,DATA_MISSING
mentor,109,کدرشته,,DATA_MISSING
mentor,110,کدرشته,,DATA_MISSING
mentor,111,کدرشته,,DATA_MISSING
mentor,112,کدرشته,,DATA_MISSING
mentor,114,کدرشته,,DATA_MISSING
mentor,115,کدرشته,,DATA_MISSING
